content,user,user_name,likes,retweets,replies,quotes,bookmarks,views,created_at,tweet_id,timeline_type,source_file
"I think I've mastered the art of Cold DM. 

From 10 Cold DMs I did, 8 of them replied, 7 of them booked a call. 

lesssgooooo",thenikkdesigns,Nikks,85,0,22,0,23,4090,Mon Jun 09 03:56:02 +0000 2025,1931923215753867754,Community,build-in-public-community-1.json
How much of the code Cursor generates are you actually reviewing?,chrissyinspace,Christopher Woggon,20,0,24,0,1,1442,Mon Jun 09 05:16:21 +0000 2025,1931943428805533997,Community,build-in-public-community-1.json
"Hit 100 verified followers

thank you all!üôå https://t.co/jGZIFYq3hW",uttxm_,Uttam,44,0,19,0,0,1355,Mon Jun 09 06:51:17 +0000 2025,1931967318797742356,Community,build-in-public-community-1.json
"I just woke up.

303 Followers
150k Impressions (last 7 Days)
850 Posts

I was going to bed with 212. 

New Goal: 500 Follower 

Thank you all.",maximebodenmann,Maxime Bodenmann,44,2,18,2,4,2177,Mon Jun 09 07:37:04 +0000 2025,1931978838046589278,Community,build-in-public-community-1.json
"A guy told me he worked day and night for months and finally sent me his project.
Check it out
https://localhost:3000/

Either I need anti-depressants, or he does. üå∏",workslikejenga,Adarsh.,36,1,19,1,1,3387,Mon Jun 09 05:14:41 +0000 2025,1931943008947392559,Community,build-in-public-community-1.json
"It‚Äôs not Monday you hate.

It‚Äôs the calendar full of pointless calls.",patro_satyam,Satyam,38,1,18,1,0,1693,Mon Jun 09 07:14:35 +0000 2025,1931973181537149157,Community,build-in-public-community-1.json
"I‚Äôm looking for (5) beta testers for my new product. I‚Äôll randomly select participants, so if you want to be considered, just leave a comment saying ‚ÄòSuperNote‚Äô and I‚Äôll send you an invite code via direct message.",chiziaruhoma,Chizi,20,2,20,0,5,2139,Mon Jun 09 09:08:31 +0000 2025,1932001852977025121,Community,build-in-public-community-1.json
‚òëÔ∏è Day 104 of working from 04:30 AM https://t.co/0pCpy9q1jp,pupin_dev,ogi,75,0,10,0,3,1007,Mon Jun 09 03:57:38 +0000 2025,1931923616792506609,Community,build-in-public-community-1.json
"I hit 50 followers ever since i decided i should build in public! üôè

Didn't expect people to actually care about my random updates but here we are.

I am very grateful for everyone following along my messy journey",_iyushk,Aayush Karki,50,1,14,0,0,1778,Mon Jun 09 08:32:21 +0000 2025,1931992750897103305,Community,build-in-public-community-1.json
My product is featured on PH since 30 mins after launch. That's the biggest win I had so far as indie dev! https://t.co/vfj7N6hMiR,webpnkdotdev,Dmytro,45,0,14,0,2,1015,Mon Jun 09 07:36:33 +0000 2025,1931978711466713430,Community,build-in-public-community-1.json
No one got rich by taking no risks. Launch your product.,MikeDoesTech,Mike,24,0,11,0,0,825,Mon Jun 09 05:55:55 +0000 2025,1931953383008763995,Community,build-in-public-community-1.json
What are your biggest challenges when it comes to staying focused?,maximebodenmann,Maxime Bodenmann,9,2,12,2,3,937,Mon Jun 09 09:29:56 +0000 2025,1932007244842865122,Community,build-in-public-community-1.json
Pro tip: Add a 100% off coupon code to test if the payment flow works without actually paying money :) For those that test in prod ü§†,chrissyinspace,Christopher Woggon,19,0,9,1,5,610,Mon Jun 09 05:59:54 +0000 2025,1931954385476891044,Community,build-in-public-community-1.json
"100 FOLLOWERS FINALLY!!

On the 3rd day of posting

All thanks to this community 

On the flipside, I'm addicted to X üò≠ 

Should I take a break?",Justhere11112,Manish B,18,0,9,0,0,990,Mon Jun 09 05:52:06 +0000 2025,1931952425721872456,Community,build-in-public-community-1.json
"you know that it doesn‚Äôt have to be big?
it just has to be real.

show up. deliver.
the momentum will take care of the rest.",NikitaTiwari_,Nikita | nikitaa.eth,32,0,4,0,4,475,Mon Jun 09 08:07:10 +0000 2025,1931986415866552821,Community,build-in-public-community-1.json
Whats the best AI tool?,WebDashio,WebDash,10,1,9,0,0,767,Mon Jun 09 08:16:30 +0000 2025,1931988763342938494,Community,build-in-public-community-1.json
"Most people don‚Äôt fail because their idea was bad.
They fail because they gave up too early.
Build. Iterate. Survive.",sfursumon,sumon,16,0,8,0,0,516,Mon Jun 09 08:00:05 +0000 2025,1931984631370568072,Community,build-in-public-community-1.json
"Working in public today ! while building in public. 

Still showing up EVERYDAY ! https://t.co/DtRT82LkGV",HwanChinYang,Hwan ChinYang,13,0,8,0,0,533,Mon Jun 09 03:54:51 +0000 2025,1931922917635571713,Community,build-in-public-community-1.json
"Launched without pricing.
Everyone asked, ‚ÄúBut how much?‚Äù 
Now I always include a price.",DAO_JOA,JOA,14,2,7,1,6,426,Mon Jun 09 09:19:58 +0000 2025,1932004737009774736,Community,build-in-public-community-1.json
"I reached $100 MRR on @refgrow_com üöÄ

It was harder than making $5,500 on lifetime purchases ü•≤ https://t.co/CrZWT67MHv",AlexBelogubov,Alexander Belogubov üá∫üá¶,6,0,2,0,0,119,Mon Jun 09 09:53:29 +0000 2025,1932013168148037965,Community,build-in-public-community-11.json
"Another day to do better

Coming from a hectic weekend, and hopefully, we will make this week count 

Had to start study flow from scratch again",SirTimithedev,TimilehinwithanH,7,0,1,0,0,53,Mon Jun 09 09:14:59 +0000 2025,1932003482690601171,Community,build-in-public-community-11.json
"Another day building in public.
What happened that day:

Stack: Laravel + Inertia + React + TypeScript.

I'm building a Job Board for physiotherapists in Poland.

- Added key job fields: contract type, salary ranges, skill tags, descriptions, and requirements

- Built import https://t.co/LCVBOtbqjK",kamilwojtalak,Kamil Wojtalak,8,0,0,0,0,78,Mon Jun 09 06:11:08 +0000 2025,1931957213028913328,Community,build-in-public-community-11.json
"Our general AI agent can deploy and simulate multiple doctors to independently read and scan X-ray images, then compare results to prevent false positives and overlooked details. This replicates real-world applications in medical consultation @SnowxAi1 https://t.co/WoBHlEUxg0",khoi_danny,Khoi Nguyen,7,0,1,0,0,33,Mon Jun 09 05:57:22 +0000 2025,1931953751306428863,Community,build-in-public-community-11.json
"Be honest, How many of you prompt Cursor and just completely forget to check back until way later? 

Guilty! üôã‚Äç‚ôÇÔ∏è",nikhilgohil11,Nikhil Gohil ü¶ö,7,0,1,0,0,109,Mon Jun 09 05:43:08 +0000 2025,1931950167059783792,Community,build-in-public-community-11.json
This bug is now fixed finally üöÄüí™,Master_MalloC,Varun Mohanta,7,0,1,0,0,38,Mon Jun 09 05:35:15 +0000 2025,1931948182826791192,Community,build-in-public-community-11.json
"Building my first mobile app with just an iPhone, Windows PC, and Expo Go for testing iOS/Android. No Mac, no Android device. 

Should I invest in extra hardware, or is borrowing enough? What would you do in my position?",YTSaludo,ynctry,6,0,2,0,0,155,Mon Jun 09 05:28:51 +0000 2025,1931946572251856942,Community,build-in-public-community-11.json
"If you could add only 3 features to your code editor replacing all the existing ones ,what would they be?",codewithshori,Shori,7,0,1,0,0,258,Mon Jun 09 05:23:32 +0000 2025,1931945236902646244,Community,build-in-public-community-11.json
Some people need hearing kit bro! I said to learn programming and web-dev in JS and now he's asking where is DOM  mainpulation in Java..,gaurabghimire07,Gaurab Ghimire,8,0,0,0,0,39,Mon Jun 09 05:19:15 +0000 2025,1931944155988766912,Community,build-in-public-community-11.json
"Day 14 of growing a startup from $650K to $1M ARR.

The first spring batch at YC has started. Sometimes I think it would be nice to attract funds from VCs.

Because I know exactly: 

- where the product can go next
- how to scale marketing
- what new apps we could launch
- what",ivesparrowai,Ivan Sparrow,6,0,2,0,0,89,Mon Jun 09 05:13:31 +0000 2025,1931942713332477981,Community,build-in-public-community-11.json
"It‚Äôs been 3 weeks on X, and 
I‚Äôve gone from 0-&gt;132 followers.
Hoping to reach 200 by the end of the month!",FarisBuilds,Faris Asfour,6,0,2,0,0,80,Mon Jun 09 05:12:03 +0000 2025,1931942345030893608,Community,build-in-public-community-11.json
"Gm chat,

Today's goals. https://t.co/paT13Rop1V",sainathdushatti,Sainath,7,0,1,0,0,82,Mon Jun 09 04:55:26 +0000 2025,1931938162164850983,Community,build-in-public-community-11.json
"The guy who made a calorie counter with a cute UI (Lifesum) is making $2M/year
Meanwhile, you're still building the 6th AI dashboard no one needs

Here‚Äôs what he understood that you don‚Äôt: üßµ",arthur_hagend,arthur,5,0,2,0,2,153,Mon Jun 09 09:34:46 +0000 2025,1932008461136503100,Community,build-in-public-community-11.json
"8 Seconds. 

Thats the average human attention span in 2025. 

Do you think you can build a perfect product and get dream clients. 

NEVER. 

First Market your ass off. 
Then build the product.",sheevammmm,Shivam,6,0,1,0,0,78,Mon Jun 09 09:23:26 +0000 2025,1932005607327822171,Community,build-in-public-community-11.json
üìà The work continues! https://t.co/z1i0yR3niD,Ericbn09,Eric,7,0,0,0,0,96,Mon Jun 09 09:23:04 +0000 2025,1932005514788933877,Community,build-in-public-community-11.json
"Every founder wants their product to be ‚Äúperfect.‚Äù

But perfection is a distraction and the #1 killer of early-stage startups.

Here‚Äôs why you must ship fast, dirty, and real",Anubhavhing,Anubhav,6,0,1,0,0,110,Mon Jun 09 09:21:14 +0000 2025,1932005053637763416,Community,build-in-public-community-11.json
"Yes, ""we"" did it: look how professional we are! ü§° #indiedev #buildinpublic https://t.co/AjYSbhlsTq",tsybalab,Oleksandr Tsyba,6,0,1,0,0,39,Mon Jun 09 09:15:28 +0000 2025,1932003601963950519,Community,build-in-public-community-11.json
"I heard somewhere,
""There‚Äôs no shame in starting as a beginner again.""

And, in the ‚ÄòBuild In Public‚Äô community I follow this everyday.",thearulshah,Arul Shah,6,0,1,0,0,48,Mon Jun 09 09:12:14 +0000 2025,1932002788168413628,Community,build-in-public-community-11.json
just 2 clicks and you have this üò≥ https://t.co/jUFPyZvSKY,heyabdulmejid,Abdul,5,0,2,0,0,66,Mon Jun 09 09:11:35 +0000 2025,1932002625773269094,Community,build-in-public-community-11.json
"writing is easy.
publishing is vulnerable.
marketing is terrifying.

why does sharing feel heavier than creating?",rajjath33,Rajjath,15,0,7,0,1,280,Mon Jun 09 08:40:53 +0000 2025,1931994897839436210,Community,build-in-public-community-2.json
"Thinking of building my own SaaS.

Any entrepreneurs in the community? Any advice?",cloudwithxavier,Xavier,9,0,8,0,0,206,Mon Jun 09 05:30:32 +0000 2025,1931946994681155620,Community,build-in-public-community-2.json
"Selling your SaaS idea is all about psychology.

How?

You are not selling the product.
You are selling the transformation.

You are not selling a neat codebase. 
You are selling the user experience.

You are not selling your services.
You are selling the emotions.

You are not",bodefreelance,Olabode,10,0,7,0,0,107,Mon Jun 09 08:00:14 +0000 2025,1931984669249061094,Community,build-in-public-community-2.json
"A small update on my 2025 revenue goal. 

Stat: 1,150$/$10k

Only earned 150$ last month, üò¨gotta speed up ... 

What's your goal and where you at??",imayaanaa,AyaanaüçÄ Builds Websites for 99$,20,0,4,0,3,1043,Mon Jun 09 07:56:52 +0000 2025,1931983824151544148,Community,build-in-public-community-2.json
Anyone else lose followers at 07:59am exactly each day?,nomoneydownuk,Oly G üí∞,10,0,7,0,0,792,Mon Jun 09 07:03:02 +0000 2025,1931970272967496064,Community,build-in-public-community-2.json
"You don‚Äôt need new ideas.

1. Find a product making money
2. Improve it
3. Sell it to the same audience

No need to reinvent the wheel.",koslib,Kostas Livieratos,11,1,6,0,1,159,Mon Jun 09 06:00:08 +0000 2025,1931954446122000698,Community,build-in-public-community-2.json
"Talking about your dreams is good,
But dreams without action is just sleep

heard these lines today and it hit hard.",ayush024k,ayush,11,0,6,0,0,193,Mon Jun 09 05:45:20 +0000 2025,1931950720472777031,Community,build-in-public-community-2.json
I'm trying to revamp my personal brand this month. This is day 1 for me!,eniolaniyi_,Eniola Product Designer . Framer Expert,13,3,4,0,0,321,Mon Jun 09 09:26:24 +0000 2025,1932006355680006428,Community,build-in-public-community-2.json
"Followers are out.
Community is in.

What do you guys think?",rajjath33,Rajjath,13,0,5,0,0,528,Mon Jun 09 06:15:11 +0000 2025,1931958233750516192,Community,build-in-public-community-2.json
I‚Äôve been stuck at 21 followers for the past 20 days.,martin745943021,@shubhranshu,12,0,5,0,1,1185,Mon Jun 09 09:17:57 +0000 2025,1932004230031638817,Community,build-in-public-community-2.json
what does my github tell you about my build rn? https://t.co/TEuZfXxw0Y,llmvibes,Patrick,11,1,5,0,0,273,Mon Jun 09 06:59:55 +0000 2025,1931969491061350685,Community,build-in-public-community-2.json
"Most people overcomplicate AI

They try to sound smart

But it‚Äôs not about

sounding smart

it‚Äôs about thinking clearly and knowing what you actually want.",GetItDoneMatt,Matteo Caruso | AI Specialist,11,0,5,0,0,131,Mon Jun 09 07:29:17 +0000 2025,1931976882687516882,Community,build-in-public-community-2.json
"Learn how to market yourself. 

You‚Äôll never lack your dream clients.",sheevammmm,Shivam,15,2,3,0,0,347,Mon Jun 09 06:58:28 +0000 2025,1931969126383386667,Community,build-in-public-community-2.json
"My wife is 320 lbs.

If my SaaS fails 

She said she will sit on me.",logan_gray12,Logan Gray,11,0,5,0,0,258,Mon Jun 09 06:30:41 +0000 2025,1931962134512255335,Community,build-in-public-community-2.json
"Everyone talks about how to build a personal brand.

But nobody talks about why.

Especially if you're a founder

Your product growth will be as strong as your personal brand

Let me break it down for you

You build a personal brand so you don‚Äôt have to beg for opportunities.",atharvatwts,Atharva Hinge,11,0,5,0,1,229,Mon Jun 09 06:20:07 +0000 2025,1931959475889692699,Community,build-in-public-community-2.json
"Startups Lab is growing üëÄüìà

Last 7 days:
- 264 active users
- 245 new folks joined
- 2.1K+ events tracked

Feels good to see things moving in the right direction.

These are just what the analytics show, actual real users are even more (thanks, cookie policy üç™).

Slow and",GohilHardy,Hardik Gohil,11,0,5,0,2,323,Mon Jun 09 05:46:31 +0000 2025,1931951018767790309,Community,build-in-public-community-2.json
"Want your first 100 users before your MVP is even ready?

Here‚Äôs how to build buzz while you build the product:
‚Üí Post UI mockups daily
‚Üí Share problems you're solving
‚Üí Start a waitlist
‚Üí Ask for feedback in niche forums
‚Üí DM early adopters

Build hype
Grow while shipping",VarunArora80243,Varun Arora,11,0,5,0,3,311,Mon Jun 09 05:36:29 +0000 2025,1931948494199074827,Community,build-in-public-community-2.json
"Posted a WIP project last week.
Someone DM‚Äôd: ‚ÄúI‚Äôd love to invest.‚Äù
Building in public isn‚Äôt about being perfect.
It‚Äôs about being visible.

Just ship. People are watching.
#BuildInPublic #OpenToBuild",dheerajsingh894,Dheeraj Singh,11,0,5,0,0,119,Mon Jun 09 05:29:57 +0000 2025,1931946848211665147,Community,build-in-public-community-2.json
"Today marks exactly 3 weeks since I started building in public

I've gained 150 followers

A bit disappointed that it's not the breakout viral success I had imagined

but I'm still showing up, staying consistent, and slowly climbing out of the void",ifhuman,Thar,11,0,5,0,0,610,Mon Jun 09 05:06:32 +0000 2025,1931940955806175479,Community,build-in-public-community-2.json
"Client rejected this hero section for being too simple.
Still proud of how it turned out tho üò∂ https://t.co/lnGLvF9XDd",victorthevibe,victor @ The Victor Design,10,1,5,0,0,225,Mon Jun 09 04:29:54 +0000 2025,1931931738747572482,Community,build-in-public-community-3.json
"Consistency isn‚Äôt everything. 
Infact it‚Äôs nothing. 

You can stay consistent and still won‚Äôt get anything out of it. 

Compounding is everything. 

Compounding is how billionaire built their wealth. 

And to get benefit of compounding 
You have to show up. 

Consistently.",sheevammmm,Shivam,10,0,5,0,1,438,Mon Jun 09 08:25:31 +0000 2025,1931991032226300330,Community,build-in-public-community-3.json
"Looking for a better calendar that works with @googlecalendar and has built-in chat?

Something cool is coming soon.

Follow me for updates! https://t.co/UfwcPYSCR8",sithucodes,Sithu Khant,9,0,5,0,2,308,Mon Jun 09 07:34:03 +0000 2025,1931978080085741904,Community,build-in-public-community-3.json
"Road to 100 Subscribers 

#buildinpublic https://t.co/MNVqYCBb95",johann_sath,Johann Sathianathen,12,0,4,0,0,133,Mon Jun 09 06:56:44 +0000 2025,1931968689173381390,Community,build-in-public-community-3.json
"Which logo is better for my liquid cats game?

One is old and one is new

Old has terrible conversion rate https://t.co/BMovvhUAlT",anulagarwal,anul agarwal,6,0,6,0,0,98,Mon Jun 09 06:50:20 +0000 2025,1931967078740930596,Community,build-in-public-community-3.json
"just shipped my first open source flutter package
(also my first public repo ever)

it‚Äôs a data viz libray w/ native 60fps rendering, grammar of graphics style API

still early, but works

üëâ https://t.co/dNXRui1J3P

open to ideas if there‚Äôs something you‚Äôd wanna see added",lofifounder,Rudi K. üß†,8,1,5,0,0,214,Mon Jun 09 05:34:50 +0000 2025,1931948078413865452,Community,build-in-public-community-3.json
Which one works best for you in B2B?,dovydasbuilding,Dovydas,8,0,5,0,0,477,Mon Jun 09 07:52:11 +0000 2025,1931982645266673924,Community,build-in-public-community-3.json
"Tiny Wins of the week:

&gt; #4 Product of The Day üèÖ
&gt; Stealth Mode Completed ‚úÖ 
&gt; 200 users: Organic, no b****it, Product &gt; Marketing ü•∂

Day 1 starts today ü•∂ https://t.co/BiaMLyV7GG",longevusmarcus,Longevus Marcus,12,2,3,0,4,256,Mon Jun 09 07:27:01 +0000 2025,1931976309179351456,Community,build-in-public-community-3.json
"Naming Fail: ü§¶‚Äç‚ôÇÔ∏è
How did YOU name your project?

My mistake:
1.Picked an awesome name
2.Forgot to check if it was already in use or trademarkedüíÄ
3.3 days of brainstorming later ‚Äì still nothing sticks

Anyone else spent way too long on naming? Share your naming wins or failsüëá",arseniydesu,Arseniy Desu,10,1,4,0,1,210,Mon Jun 09 05:31:16 +0000 2025,1931947181868470500,Community,build-in-public-community-3.json
Guess what‚Äôs coming next? üëÄ https://t.co/ofXg50ZrRJ,Praha37v,Praha,17,1,0,0,1,238,Mon Jun 09 09:47:26 +0000 2025,1932011646240887226,Community,build-in-public-community-3.json
"Don't you love waking up with the enthusiasm to build? 

I just woke up with a ton of ideas, time to execute",FrazerDourado,Frazer Dourado,7,0,5,0,0,106,Mon Jun 09 06:57:33 +0000 2025,1931968896602370275,Community,build-in-public-community-3.json
How do you find ideas for your saas app and how do you validate them before your build ?,x399Shan,x399,7,0,5,0,0,346,Mon Jun 09 05:27:57 +0000 2025,1931946346476675413,Community,build-in-public-community-3.json
"no time to do marketing?

stop watching videos while cursor generates code

easy!",chrissyinspace,Christopher Woggon,13,0,3,0,0,293,Mon Jun 09 05:22:07 +0000 2025,1931944878621213152,Community,build-in-public-community-3.json
"I'm looking to build a new tiny SaaS which can  incorporate a company in a renowned jurisdiction within 24 hours and have your account applied and approved by @Wise . So you can kick start within as little as a week. Ready to integrate with Stripe. 
Can anyone validate this idea? https://t.co/NNK5YvtVZ7",AwesomeFrankD,AwesomeFrank,7,0,5,0,0,388,Mon Jun 09 04:57:23 +0000 2025,1931938655381397829,Community,build-in-public-community-3.json
"As Dev/Builders, where do you work?  
Home office, coffee shops, or coworking spaces?  

I'm tired of staying home alone üòÖ",marco_martincic,Marco,6,0,5,0,0,192,Mon Jun 09 09:03:48 +0000 2025,1932000668379685073,Community,build-in-public-community-3.json
"in the beginning it took me a whole month to reach 100 followers.

now? 115 in a single day.
keep showing up. the algorithm notices. people do too. https://t.co/NRZ5e9ZKF5",amikalash,Kalash,12,0,3,0,0,309,Mon Jun 09 08:45:13 +0000 2025,1931995990774432159,Community,build-in-public-community-3.json
"You thought this would be easy?

Building something from scratch.
Failing repeatedly.
Smiling on calls while falling apart inside.

Nah, someone gave you bad advice.

But guess what?
You‚Äôre still in the game.
Still betting on yourself.

That‚Äôs how winners are made.",aayushv_,Aayush Verma,9,0,4,0,0,197,Mon Jun 09 07:39:48 +0000 2025,1931979528634540407,Community,build-in-public-community-3.json
"The developer landscape is changing rapidly.

With Vibe Coding tools like @boltdotnew , you‚Äôre no longer starting from scratch.
You‚Äôre starting from a solid, AI-generated base- design, code, and layout included.

That means faster MVPs, quicker iterations, and more time to focus",thenikkdesigns,Nikks,9,0,4,0,1,551,Mon Jun 09 05:05:46 +0000 2025,1931940765044785556,Community,build-in-public-community-3.json
The best time to plant a tree was 20 years ago. The second best time is now.,grindhub100,GrindHubüíØ,5,0,5,0,0,36,Mon Jun 09 09:12:28 +0000 2025,1932002847291326780,Community,build-in-public-community-3.json
First time reviewing PR https://t.co/mPYmbVdQ9o,d4rsh_tw,D4rshü¶Ö,15,0,1,0,1,220,Mon Jun 09 08:34:31 +0000 2025,1931993297003872592,Community,build-in-public-community-4.json
What time of day do you work best?,dovydasbuilding,Dovydas,8,0,4,0,0,337,Mon Jun 09 08:03:11 +0000 2025,1931985411955359771,Community,build-in-public-community-4.json
"I created a professional landing page in under 30 minutes.

Here is how I did it: https://t.co/EciTPl03xe",tech_nurgaliyev,Sabyr Nurgaliyev ‚Äî oss/acc,10,1,3,0,2,236,Mon Jun 09 07:43:16 +0000 2025,1931980399472697430,Community,build-in-public-community-4.json
"Made this using @lovable_dev
Guys here is the Project remix Link : 
https://t.co/6q4mqFakaM 

Here is the Project Tutorial Link : https://t.co/YvQ8quCixs https://t.co/eLzdYJRMxb",Anubhavhing,Anubhav,8,0,4,0,2,252,Mon Jun 09 06:55:50 +0000 2025,1931968464249385088,Community,build-in-public-community-4.json
"The secret sauce to indie hacking?
A landing page that looks decent, a product that works okay,
and enough ‚ú® delusion ‚ú® to believe people will care.
Sometimes they actually do.",zuess05,Suhas,8,0,4,0,0,133,Mon Jun 09 06:46:04 +0000 2025,1931966006114799754,Community,build-in-public-community-4.json
"for those trying to find PMF: 

JUST KEEP GOING. dont give up on the idea too soon. 

cuz I was just about to give up on my idea but did a couple of additional user interviews and realized that I was totally targeting the **wrong** audience.",cailynyongyong,Cailyn Y.,15,1,0,0,1,195,Mon Jun 09 06:39:01 +0000 2025,1931964230137463067,Community,build-in-public-community-4.json
"f**k it, should I just start building in public?",az_kahn,Ahsan Zia,7,1,4,0,0,285,Mon Jun 09 06:35:19 +0000 2025,1931963300524282128,Community,build-in-public-community-4.json
"I‚Äôm a big fan of feature limits.

Why?

Because more features ‚â† more value.

I started deleting instead of adding - and retention went up.

Focus builds clarity.",adamfounder,adam,11,0,3,0,0,87,Mon Jun 09 05:55:35 +0000 2025,1931953298652709143,Community,build-in-public-community-4.json
"Been AI engineer for a long it is never ending education.  Now I am thinking about starting my own AI company.  

P.S. building AI company is easy, everyone's doing it. I wanna build something that is meaningful and long term.",iiaamaaii,Chinmay,5,0,5,0,1,105,Mon Jun 09 05:46:48 +0000 2025,1931951088845848842,Community,build-in-public-community-4.json
"Woke up thinking about a layout issue I couldn‚Äôt solve last night.

Fixed it in 2 minutes this morning.

Sometimes the best debugging tool is sleep.",AishwaryaDevv,Aishwarya Bajaj,8,0,4,0,0,105,Mon Jun 09 05:21:05 +0000 2025,1931944618339541430,Community,build-in-public-community-4.json
"We‚Äôve built 18+ MVPs for AI tools, SaaS apps, marketplaces &amp; more.

After testing every shiny new tool out there, here‚Äôs our go-to tech stack that helps us ship FAST and validate ideas quicker üßµ",Anubhavhing,Anubhav,10,0,3,0,6,848,Mon Jun 09 09:17:40 +0000 2025,1932004154840588312,Community,build-in-public-community-4.json
"- 20+ new followers
- Most posts are now crossing 1K+ views
- One of my post just hit 1 MILLION views !

Hoping to reach 500 followers by the end of the month !",Harshad_57,Harshad solkar,9,1,3,0,0,424,Mon Jun 09 08:46:37 +0000 2025,1931996342609658149,Community,build-in-public-community-4.json
"Day 23 building this AI app.
Starting to think marketing is the REAL final boss.
Not the code.",artificedotso,Artifice,7,0,4,0,0,245,Mon Jun 09 05:47:24 +0000 2025,1931951242927817032,Community,build-in-public-community-4.json
"Building in public never did it , but gonna share my journey how i overcoming challenges in building my Email ai reply saas same as , https://t.co/j1DPtNZPXP",Hardikpndey,Hardik Pandey,10,0,3,0,0,106,Mon Jun 09 05:43:27 +0000 2025,1931950248336957915,Community,build-in-public-community-4.json
"Pricing based on features makes sense.
Pricing based on value makes revenue.",divinprnc,Divin Prince,12,1,2,0,0,273,Mon Jun 09 05:30:12 +0000 2025,1931946912149602728,Community,build-in-public-community-4.json
"Want to grow on X?

It's easy, reply so much you keep getting flagged as a bot.",WhiskyToad,Toad,8,1,3,0,0,314,Mon Jun 09 09:06:27 +0000 2025,1932001332711371042,Community,build-in-public-community-4.json
"Here is a productivity hack to start our week right:

Unpin/Unbookmark all social media and distractions from your browser

Thank me later",imchrisio,Christos,6,0,4,0,0,42,Mon Jun 09 08:00:13 +0000 2025,1931984665247678778,Community,build-in-public-community-4.json
"NEED HELPPP 

Stack:
‚Ä¢ React (frontend)
‚Ä¢ Go (backend)
‚Ä¢ MongoDB

Now adding an LLM agent into the system using RAG + Vector DB.

This agent:
‚Üí Handles LLM queries
‚Üí Talks to the Vector DB
‚Üí Reads/writes to Mongo
‚Üí Triggers updates to frontend (via backend)

To all senior",mustafa_kh4n,Mustafa,7,2,3,0,0,353,Mon Jun 09 07:55:47 +0000 2025,1931983551752184202,Community,build-in-public-community-4.json
"Woke up this morning and told myself...

'i need to do better!'

Blessed day to y'all!",_missdstrat,Dara‚úØ,8,1,3,0,0,100,Mon Jun 09 07:53:00 +0000 2025,1931982851009913333,Community,build-in-public-community-4.json
"Ideas will  just keep coming.

Our job is to lightly catch the ones that resonate and keep iterating",createmorejoy1,Libby,9,0,3,0,0,80,Mon Jun 09 07:47:40 +0000 2025,1931981509390635342,Community,build-in-public-community-5.json
Redesigned dashboard for @auritrack . What do you think? https://t.co/25PGrR4MG4,publikphigor,publikphigor,8,4,2,0,0,217,Mon Jun 09 07:02:23 +0000 2025,1931970113244209164,Community,build-in-public-community-5.json
too easy https://t.co/LtqojuyQ2l,robert_fenney,Robert Fenney ‚ö†Ô∏è,9,0,3,0,0,224,Mon Jun 09 06:51:01 +0000 2025,1931967251093082577,Community,build-in-public-community-5.json
"I just used

do {
   ...
} while (...)

I never thought this day would come",chrissyinspace,Christopher Woggon,9,0,3,0,0,259,Mon Jun 09 05:23:38 +0000 2025,1931945261871628603,Community,build-in-public-community-5.json
"If you‚Äôre Cold DMing someone.

Don‚Äôt reveal your whole proposal in the first message itself (you‚Äôll get ghosted).

Keep some excitement in message.

But also keep your agenda clear in the first message.

Example- If you want to collab with someone for business, send a message",thenikkdesigns,Nikks,11,0,2,0,1,523,Mon Jun 09 09:08:50 +0000 2025,1932001932530565131,Community,build-in-public-community-5.json
what will it take for you to realise you‚Äôre standing in the way of your own progression??,fxrooks,henrii,10,1,2,0,0,281,Mon Jun 09 08:01:19 +0000 2025,1931984944462516377,Community,build-in-public-community-5.json
Windows or Mac for coding and why?ü´†,_Llywellynfr,llywellynthewierdo,5,0,4,0,0,353,Mon Jun 09 07:29:16 +0000 2025,1931976877440192951,Community,build-in-public-community-5.json
"GM everyone

Starting the day with Zoom, and you?",skawfade,Vladislav üîÜ,5,0,4,0,0,197,Mon Jun 09 07:02:58 +0000 2025,1931970257553359038,Community,build-in-public-community-5.json
Believe you can and you're halfway there.,grindhub100,GrindHubüíØ,7,1,3,0,0,77,Mon Jun 09 06:56:02 +0000 2025,1931968511452074444,Community,build-in-public-community-5.json
How to stay persistent? Any helpful tricks?,ALorek,Adam Lorek,5,0,4,0,0,94,Mon Jun 09 06:49:09 +0000 2025,1931966781704352122,Community,build-in-public-community-5.json
Your state management library... Your style!,dev_azeez,AbdulAzeez,11,2,0,0,0,145,Mon Jun 09 06:03:38 +0000 2025,1931955326049206375,Community,build-in-public-community-5.json
"Tested Lovable &amp; Bolt with the same prompt. 

Lovable won! 

- Better. 
- More features in one prompt.
- Made it as I wanted.

Which one do you prefer?",paarangatrai,Paarangat,8,0,3,0,0,124,Mon Jun 09 05:25:17 +0000 2025,1931945674368528518,Community,build-in-public-community-5.json
Which hero design would you pick? https://t.co/iwUiG6PUMX,saif_uiux,Saif | uddin,11,0,2,0,0,103,Mon Jun 09 05:24:06 +0000 2025,1931945379244970342,Community,build-in-public-community-5.json
"devs turned solo founders

what marketing tactics have worked for you guys?",thesnjvsharma,Sanjeev,8,0,3,0,3,601,Mon Jun 09 05:16:16 +0000 2025,1931943407217488106,Community,build-in-public-community-5.json
Designed in just 40 seconds. https://t.co/aEra3HROhi,Amankaushik481,Aman | Building MVPs & SaaS,8,0,3,0,0,219,Mon Jun 09 04:54:48 +0000 2025,1931938004471308656,Community,build-in-public-community-5.json
"Ok this cant just be me, @cursor_ai agent sucks now. I have found it borderline unusable today, I have no idea what happened.",ben_kauf,Ben Kaufman,5,0,4,0,0,535,Mon Jun 09 04:23:23 +0000 2025,1931930097419985028,Community,build-in-public-community-5.json
"Last month: 14 sales for our side project &gt;&gt; felt on top of the world üòä

This month (1/3 in already): zero

The silence is loud. üòÖ  

Entrepreneurship is a rollercoaster, but we keep going",p_d_d_t,Duy Thanh @ gptbreeze.io,11,0,1,0,0,86,Mon Jun 09 08:51:29 +0000 2025,1931997568512516314,Community,build-in-public-community-5.json
How to be in that 1 % club?,Kushagra_3333,Kush,7,0,3,0,0,93,Mon Jun 09 07:54:37 +0000 2025,1931983255215194534,Community,build-in-public-community-5.json
"Day 4 after launch and 131 emails sent: 

- 161 unique visits
- 1 new users
- 1 analysis ran

if I keep doing the ""marketing"" who is going to code?",minimalvavisco,Malvavisc0,7,0,3,0,0,39,Mon Jun 09 07:46:42 +0000 2025,1931981263759372439,Community,build-in-public-community-5.json
"Day 09 / 100 of #100DaysOfCode 
üìå Web Development rom scratch
&gt; learned Comprehensively about CSS Flexbox &amp; its properties.
&gt; Build a minimal website layout using the flexbox.
&gt; Starting with CSS grid and its attributes.
&gt; Had a great Cardio ‚úÖÔ∏è
#buildinpublic #LearnInPublic https://t.co/nbgWdcTr82",BinaryGuyy,Binary Guy,10,0,2,0,0,121,Mon Jun 09 07:27:09 +0000 2025,1931976343568400630,Community,build-in-public-community-6.json
"I accidentally hacked my productivity.

Somehow, I ended up at a place in life where I don‚Äôt procrastinate anymore ‚Äî
The only problem now?
I don‚Äôt have enough time to do everything I want 

actually lemme frame it correctly
I want to do too many things in too little time lol",swarajbachu,swaraj ‚öîÔ∏è,10,0,2,0,1,110,Mon Jun 09 07:23:56 +0000 2025,1931975536458514481,Community,build-in-public-community-6.json
"Imagine having an internal Agent:
- helps with setting your goals
- tracking your pace
- pushing you to actually finish

do you need one? or how you keep yourself accountable? your team as well",Elibethmarch,Elizabeth,11,0,1,0,0,80,Mon Jun 09 06:29:58 +0000 2025,1931961954673041889,Community,build-in-public-community-6.json
"When building a new product, do you:

ü•ë Start with a real problem and build the solution from scratch.

üìàTake a proven PMF product and make it better/cheaper.

Which path do you usually take? ü§î",0xinhua,Kevin Building @Tw_Shots,4,0,4,0,0,225,Mon Jun 09 06:18:28 +0000 2025,1931959057906364742,Community,build-in-public-community-6.json
"üö® I‚Äôm building my digital legacy in public.

From $0 ‚Üí $250k by December 2025.
Through AI √ó SaaS √ó Agency Ops.
No excuses. Just compounding.
Here‚Äôs what I‚Äôm building:
ClientSync: A dashboard for agency-client flow üîÅ

BMS: Systems to scale agencies without chaos

WebWoon: Tools",bold_ocean,Nirbhay Sagar,7,0,3,0,0,301,Mon Jun 09 05:57:49 +0000 2025,1931953864774725678,Community,build-in-public-community-6.json
Building your personal brand will change your life,SaiSagarDS,Sai Kumar,10,0,2,0,0,157,Mon Jun 09 05:52:38 +0000 2025,1931952560295829751,Community,build-in-public-community-6.json
"99% of people scroll.
1% of people build.
The scroll won't save you. Build something.
 #Startups #BuildInPublic",Dhirendrakt18,Dhirendra Kumar thakur,7,0,3,0,0,244,Mon Jun 09 05:52:33 +0000 2025,1931952537974018347,Community,build-in-public-community-6.json
"Hi! I‚Äôm Hojiwak üëã

- 21 y/o from  Ethiopia üá™üáπ
-  Building https://t.co/KZomnBwbS6  $0 ‚Üí $1k MRR
- Core contributor to Basketo engine website
- SWE  intern @ iCog-Labs &amp;&amp; Efuyegela
- Obsessed with shipping cool ideas
Follow along this is just the beginning",hojiwakY,Hojiwak,7,0,3,0,0,68,Mon Jun 09 05:48:46 +0000 2025,1931951584742719637,Community,build-in-public-community-6.json
"How to grow your startup when no one knows you exist (yet):

A small thread üßµ",raikamal_,Kamal,7,0,3,2,5,543,Mon Jun 09 05:44:19 +0000 2025,1931950463550919007,Community,build-in-public-community-6.json
Gm https://t.co/Bwcgj4xFj9,Cyofthegoodlife,Cyril,6,0,3,0,0,54,Mon Jun 09 08:52:20 +0000 2025,1931997782161682710,Community,build-in-public-community-6.json
"üí∞ $0 ‚Üí $1,000 MRR

Day 10/90

My laptop shuts down every 10 seconds.
I‚Äôve tried everything.
Still broken.

I‚Äôm stressed. Can‚Äôt work, can‚Äôt record.

Guess I‚Äôll take it to repair.
But I‚Äôm not quitting.",sergi_montoro,Sergio,6,0,3,0,0,108,Mon Jun 09 08:32:46 +0000 2025,1931992858979946697,Community,build-in-public-community-6.json
"Monday reminder:

Monday isn‚Äôt scary.
Your to-do list is.

Cancel tasks that don‚Äôt move you forward.
Pick just one.

Start your work.
Start with imperfection.

The cleanest momentum is messy.",anthonyyjude,Anthony Jude,9,0,2,0,0,53,Mon Jun 09 07:50:19 +0000 2025,1931982175488061674,Community,build-in-public-community-6.json
"Another full week of possibilities 

Go make it happen",WhiskyToad,Toad,9,0,2,0,0,65,Mon Jun 09 07:10:03 +0000 2025,1931972039478214759,Community,build-in-public-community-6.json
"Good Morning Guys.
Day-3 of growing madmvp(.)com
- Obsessed with building this MVP for our first client
I learned this yesterday: no matter how ambitious we are, we get results if we act quickly. https://t.co/VH5KYLKNnG",adithya_adi17,Adithya Gutta,8,1,2,0,2,100,Mon Jun 09 06:36:35 +0000 2025,1931963617769107688,Community,build-in-public-community-6.json
"Covering more features with Premium gate, will test if anyone is interested in them. :) 

For Sober Tracker. But will also have this for other stuff as well.

Also, it is time to define ""NEXT"" project. https://t.co/5s7QVLTh7G",TerekhinIvan,Terekhin Ivan (Vanka),10,0,1,0,0,50,Mon Jun 09 06:29:01 +0000 2025,1931961716381716924,Community,build-in-public-community-6.json
"Thinking of launching a micro-influencer campaign on X, to test and review our tool. I want honest posts, even if they roast us publicly. Might be a bad idea, let's see. üíÄ",Msrobinlim,Robin Lim Fang Min,6,0,3,0,0,381,Mon Jun 09 05:57:31 +0000 2025,1931953785678786858,Community,build-in-public-community-6.json
"Freelancing taught me more than any job ever did
- How to sell
- How to negotiate
- How to handle silence
- How to say no
- How to stay calm when a client ghosts you mid-project üòÖ
It is not just work. It is an emotional endurance training.",freelancerguy_,Dhiraj Mehta | Freelancer Guy,9,0,2,0,2,163,Mon Jun 09 05:37:03 +0000 2025,1931948638122754326,Community,build-in-public-community-6.json
"Got 1 new follower today and honestly, it made my day! üòÑüéâ
Sometimes it's the little wins that boost your mood the most üíô

#HappyDev #SmallWins #Gratitude",TWadpillewar,Tejas Wadpillewar,9,0,2,1,0,272,Mon Jun 09 05:09:48 +0000 2025,1931941777411567627,Community,build-in-public-community-6.json
"I don‚Äôt need to learn backend = I don‚Äôt need brakes because I only drive downhill. xD
Learn how data and infra actually work or crash later pal.",workslikejenga,Adarsh.,10,0,1,0,0,332,Mon Jun 09 05:00:24 +0000 2025,1931939412067152347,Community,build-in-public-community-6.json
"I finally modified mh portfolio, its minimal and cool
Copied some part from  @VOLTcodes and @damnGruz
here's the link: https://t.co/9nkGxic43F

I hope y'all love it",kstij21,Kshitij Varma,5,0,3,0,0,140,Mon Jun 09 09:22:12 +0000 2025,1932005296425078980,Community,build-in-public-community-7.json
"Only first half today

I think once I have 1000 or so followers, I'll average 3k visitors a month from x, at least

How many convert to buyers is uncertain https://t.co/AfMuQl92qN",Justhere11112,Manish B,8,0,2,0,0,259,Mon Jun 09 08:17:12 +0000 2025,1931988937645621730,Community,build-in-public-community-7.json
"Google Search has gotten worse because they‚Äôre too busy putting AI in everything.

 Sometimes I just want a website, not a chatbot hallucinating answers.",maj80k,Maj,6,2,2,0,0,114,Mon Jun 09 07:58:23 +0000 2025,1931984204289458633,Community,build-in-public-community-7.json
"Exactly two weeks ago is when I start pushing and working on the SEO for @autopostingai

I can already start seeing impressions, and clicks coming on the website.  

This is 100% free traffic for which I would have paid.   

90% of all searches happen on search engines. Don't https://t.co/VpM7XTVZtS",iuditg,Udit Goenka,8,0,2,0,0,322,Mon Jun 09 07:18:55 +0000 2025,1931974272496312547,Community,build-in-public-community-7.json
"1 quality post every day for the past 180 days.

No giveaways, no trend-hopping, no bs.
Just honest effort.

350 followers in 6 months.

Meanwhile, some new design accounts are hitting 500 in a month or two. (Some of them are actually fire)

What am I doing wrong?",nachiiiUI,Nachi. ‚ú¶,8,0,2,0,0,121,Mon Jun 09 07:01:21 +0000 2025,1931969850773217503,Community,build-in-public-community-7.json
"I want to fully utilize my LinkedIn sales navigator but i heard the opening rate is very less now 

any tips for me to for the best practices ?",RewritingHimani,Himani,8,0,2,0,0,190,Mon Jun 09 07:01:09 +0000 2025,1931969800969806109,Community,build-in-public-community-7.json
"Building an AI Agent for an investor today

Yes my client is an investor üòÜ and I'm surprised  by how little platforms are their for investors.",dhruvtech17,Dhruv Tiwari,8,0,2,0,0,155,Mon Jun 09 06:51:00 +0000 2025,1931967247389745660,Community,build-in-public-community-7.json
"Day 1 of building QuickBee üêù

Disappeared for 30 days‚Ä¶ but still didn‚Äôt lose 69 followersüòÇ

I‚Äôm building a new SaaS (not another AI thing). Hit a bug, gave up, but I‚Äôm back!

‚úÖ Fixed the bug
‚úÖ Researched how to launch + get users

Posting daily now. Let‚Äôs see where it goes",_uditidas,Uditi,8,0,2,0,0,551,Mon Jun 09 06:45:57 +0000 2025,1931965977610121327,Community,build-in-public-community-7.json
"Vibe coding is a lie.

For every vibe coded app you see that is successful, there are 1000s of others in the graveyard.",_canako,Canako ü¶Ö,9,0,1,0,0,99,Mon Jun 09 06:34:54 +0000 2025,1931963196577116600,Community,build-in-public-community-7.json
"I marketed myself as a AI Engineer.

Which served me very well.

I got so many job offers and if I counted, it will be around 12+

It‚Äôs very nice have so much demand and I am a student, 21 years old.

Recently only I started marketing myself as a Freelancer which got me 5",PratikKadam_,Pratik Kadam,10,0,0,0,1,103,Mon Jun 09 06:30:10 +0000 2025,1931962005440884779,Community,build-in-public-community-7.json
Guess who‚Äôs fixing mobile version in last 40 minutes before launch? https://t.co/UVlzjOAMPn,webpnkdotdev,Dmytro,5,0,3,0,0,92,Mon Jun 09 06:18:14 +0000 2025,1931959000574108092,Community,build-in-public-community-7.json
"Day 17
‚Ä¢65 calls made
‚Ä¢NO Positive Responses

Currently working on:
‚Ä¢CRM system
‚Ä¢HRM platform
‚Ä¢Doctor app 
‚Ä¢Medical Tourisum website
‚Ä¢added 5 new followers",onlyjaswanth,Jaswanth Rayavarapu,9,0,1,0,1,49,Mon Jun 09 06:16:26 +0000 2025,1931958549548319080,Community,build-in-public-community-7.json
"Some days you win. 
Some days you just don't quit.
Both count.",RayRaySilvers,Ray Ray,8,0,2,0,0,125,Mon Jun 09 06:15:15 +0000 2025,1931958251538498003,Community,build-in-public-community-7.json
"I‚Äôm a product designer. And right now, I‚Äôm rebuilding my life.

Not by pushing myself harder or chasing the next big thing, but by choosing clarity, calm, and smarter ways to work with technology.

If you‚Äôve ever felt stuck, lost, or like you need a fresh start, you‚Äôre not alone. https://t.co/1ne7NLlNCg",SatyajitMane_,Satyajit Mane,5,0,3,0,0,71,Mon Jun 09 06:13:29 +0000 2025,1931957805050732914,Community,build-in-public-community-7.json
Happy New Week üòáü§ç https://t.co/k6JD6jswCs,Caylebb1,Caleb | Web designer and landing pages,8,0,2,0,0,76,Mon Jun 09 05:56:26 +0000 2025,1931953514550288707,Community,build-in-public-community-7.json
"DAY 1, Faced issues in webhook url before, was Using ngrok url, if anyone using ngrok url keeps changing if you close server, better to buy a domain https://t.co/DLqfBrwAo4",Hardikpndey,Hardik Pandey,8,0,2,0,0,60,Mon Jun 09 05:47:02 +0000 2025,1931951149151875456,Community,build-in-public-community-7.json
"Hi everyone... I'm Shubham Kumar, a full stack developer from India... I have completed my portfolio website in next.js .... here is quick video 

https://t.co/pfOTUxplUT

P.S : leave your thoughts in comment https://t.co/RskgOUdyRn",hii_lets_code,Shubham Kumar,5,0,3,0,0,61,Mon Jun 09 05:41:23 +0000 2025,1931949728536928619,Community,build-in-public-community-7.json
Who‚Äôs right for me: @yc or @fdotinc?,MohdAatif_,Aatif,8,0,2,0,0,50,Mon Jun 09 05:14:56 +0000 2025,1931943071584768039,Community,build-in-public-community-7.json
"the true test of belief in your idea:

you're still building it after no one liked your launch post",amikalash,Kalash,7,0,2,0,0,50,Mon Jun 09 09:53:14 +0000 2025,1932013108467253667,Community,build-in-public-community-7.json
Back to posting tech stuff now after long weekend,Rugs_07,Rugwed,8,0,1,0,0,178,Mon Jun 09 09:21:27 +0000 2025,1932005110785163717,Community,build-in-public-community-8.json
"you‚Äôll spend months building a feature and customers will still say:
can you just make the button blue instead?",kaush_trip,Cheeku Mani Tripathi,8,0,1,0,0,265,Mon Jun 09 09:08:11 +0000 2025,1932001770160685542,Community,build-in-public-community-8.json
"Become a dangerous solo founder.

‚Ä¢ Learn how to write
‚Ä¢ Learn how to code
‚Ä¢ Learn how to sell
‚Ä¢ Learn how to design
‚Ä¢ Learn how to ship
‚Ä¢ Learn how to think with AI

That combo makes you unstoppable.",divinprnc,Divin Prince,6,2,1,0,0,67,Mon Jun 09 08:54:47 +0000 2025,1931998399538036747,Community,build-in-public-community-8.json
"Most days as a solo founder:

‚òï caffeine
üò¨ self-doubt
üí™ stubbornness

= MVP (eventually)",HwanChinYang,Hwan ChinYang,7,0,2,0,0,47,Mon Jun 09 08:35:16 +0000 2025,1931993487425278072,Community,build-in-public-community-8.json
"Starting a 30 day challenge, recording myself talk about everything building. 

i'm quite camera shy, so this won't be easy. But gonna post my first tn.. wish me luck!!

inspired by @jackfriks @YoniSmolyar @_mattwelter",KeithSchembrii,Keith S,4,0,3,0,0,84,Mon Jun 09 08:34:33 +0000 2025,1931993305799434517,Community,build-in-public-community-8.json
Got 2 new clients for trial today üéâ. Hope they convert to subcriptions https://t.co/iMLYotcevz,YannicLoic,Yannick Loic,8,0,1,0,0,31,Mon Jun 09 08:24:52 +0000 2025,1931990869378232469,Community,build-in-public-community-8.json
Mondays aren‚Äôt so bad when they come with a signed proposals.,muhammedcj,Muhammed,4,0,3,0,0,101,Mon Jun 09 08:24:04 +0000 2025,1931990669834563937,Community,build-in-public-community-8.json
"if you see me tweeting on a monday, just know

I‚Äôm avoiding something important",noah__sheldon,Noah Sheldon,4,0,3,0,0,43,Mon Jun 09 08:22:30 +0000 2025,1931990274365890763,Community,build-in-public-community-8.json
"Oh sh*t,

Just realised I‚Äôve more than doubled my followers in little over a month.
Yes I know these are rookies numbers but this is definitely a win for me as I used to just see X as a dooms day scrolling tool.

Grateful to all collabing and building in public",mikel_farrell,FazzT,8,0,1,0,0,32,Mon Jun 09 07:51:58 +0000 2025,1931982589033640177,Community,build-in-public-community-8.json
"UI is a mess but implemented payments in 9 hours.

@VisionarySham called it lool

I thought it'd be more difficult with all these reddit/twitter threads complaining about it

Stripe is just very well documented https://t.co/gVSZj7NXqk",tryfoundergg,Full-Stack Founder,7,1,1,0,2,57,Mon Jun 09 07:49:35 +0000 2025,1931981988577124585,Community,build-in-public-community-8.json
AI vs HUMAN RESOURCES,danielcreestin,CREEST,7,2,0,0,1,55,Mon Jun 09 07:23:17 +0000 2025,1931975371248792061,Community,build-in-public-community-8.json
"B2B users don‚Äôt care about animations.
They care about getting $hit done faster.
Want delight? Make your form auto-save.",curlydesignz,Chandan | UX for B2B Startups,4,0,3,0,0,181,Mon Jun 09 07:20:38 +0000 2025,1931974704707080491,Community,build-in-public-community-8.json
"What‚Äôs your validation process?

What gives you the confidence to fire up Claude/Cursor/‚Ä¶?",oliwoodman,Oli Woodman,4,0,3,0,0,256,Mon Jun 09 07:16:58 +0000 2025,1931973781628588506,Community,build-in-public-community-8.json
"Reddit Hack 101:

‚Äì Give first
‚Äì Don‚Äôt link dump
‚Äì Be human
‚Äì Offer real help
‚Äì Let people ask for your product

Drop value. Earn trust. Then share your thing. https://t.co/qnmPbYCxqN",shirish_arya16,Shirish,9,0,0,0,0,89,Mon Jun 09 07:16:13 +0000 2025,1931973592667086900,Community,build-in-public-community-8.json
"Discipline is boring

But

Regret is worse",Coach_Elvis_,Elvis Junior,8,1,0,0,0,47,Mon Jun 09 07:13:14 +0000 2025,1931972843727618055,Community,build-in-public-community-8.json
Exporting your nextjs app with capacitor is hard,ekinisbuilding,Ekin is building,7,0,2,0,0,232,Mon Jun 09 07:05:33 +0000 2025,1931970907821559897,Community,build-in-public-community-8.json
"What is the true meaning of #BuildInPublic?

For me, it's about building and growing with the community. It's about creating products, sharing revenue, and incentivizing users fairly and efficiently.

That's why I'm so proud to share my work with you all.

First, there's the",DineshR15567042,Dinesh Rampalli,7,0,2,0,0,103,Mon Jun 09 06:57:14 +0000 2025,1931968815337963682,Community,build-in-public-community-8.json
"I was reading The Adweek Copywriting Handbook the other day (absolute gold for copywriters) and came across a story that punched me right in the face.

The story is about Bobby Darin.

Darin was the guy behind ‚ÄúMack the Knife,‚Äù a jazzy hit from the' 1950s. https://t.co/jTErKjsF0r",paul_suvadeep,Suvadeep,7,1,1,0,1,107,Mon Jun 09 06:50:19 +0000 2025,1931967075217731848,Community,build-in-public-community-8.json
Running vibe-code in prod? Respect.,its_ilya,Ilya - „Ç§„É™„Ç¢,7,0,2,0,0,66,Mon Jun 09 06:32:52 +0000 2025,1931962681726312873,Community,build-in-public-community-8.json
"Day 16, 

Showing up at 4am everyday to be come 1% better at been a Quality Assurance Engineer. 

&gt; posting my learning screen later today https://t.co/uHFtJvdSdk",Dumbiri_sam,Sam_Quality_Assurance,9,0,0,0,0,91,Mon Jun 09 06:25:30 +0000 2025,1931960830230245819,Community,build-in-public-community-9.json
"My client (consultation business) took from 100 customers to 300 total in a month.

They took 3 years to get first 100, we came in and established direct outreach (on whatsapp), sent approx 25,000 messages.

Client is extremely happy and I am proud of my achievement :)",deepsoni,Deep Soni,7,0,2,0,0,46,Mon Jun 09 06:20:15 +0000 2025,1931959507284001168,Community,build-in-public-community-9.json
"Founding a startup forces you to grow

Not just as a builder
But as a person

You don‚Äôt just learn skills.

You become someone capable of doing things you once thought impossible",jurhasha,Alexander Zhuravlev,7,0,2,0,0,127,Mon Jun 09 06:15:21 +0000 2025,1931958274347155619,Community,build-in-public-community-9.json
"Most people don't lose in SEO because they picked the wrong niche

They lose because they moved too slow

Pick something
Launch it
Push it
Fix it later

Speed covers a lot of mistakes.",itsDanseo,Danseo,4,0,3,0,0,45,Mon Jun 09 05:48:20 +0000 2025,1931951476739285503,Community,build-in-public-community-9.json
"My brainwave today is that I need to build a little tool for outbound to promote PCOS Meal Planner. (There‚Äôs similar stuff but not as targetted)

This time I‚Äôm gonna build it in a commercializable way though.

Best to spend my effort today by:",growth_hc,Mark A,4,0,3,0,0,60,Mon Jun 09 05:46:16 +0000 2025,1931950954766823428,Community,build-in-public-community-9.json
"Me: Finally learned JavaScript. Time to chill....üòé
JS Ecosystem: Here‚Äôs TypeScript, React, Next.js, Node, Express, and MongoDB. Suit up.
Me: https://t.co/I5yQbhSGJV",nazish_parvez,Nazish Parvez üë®‚Äçüíª,6,1,2,1,0,67,Mon Jun 09 05:44:17 +0000 2025,1931950455292092591,Community,build-in-public-community-9.json
"I am thinking of building a webapp where the Claude will be trading the stocks based on latest 100 candle data.

The best thing is that there will be a chat on front end where the Claude will also tell exactly why he made the decision to buy , sell or hold.

People can read and https://t.co/Nl3hC7BClq",sattyshivhare,Satyam shivhare,7,0,2,0,1,45,Mon Jun 09 05:43:38 +0000 2025,1931950293870080146,Community,build-in-public-community-9.json
I'm back from a four-day vacation and excited to dive into coding! üßë‚ÄçüíªüöÄ,Master_MalloC,Varun Mohanta,7,0,2,0,0,92,Mon Jun 09 05:42:31 +0000 2025,1931950014391308769,Community,build-in-public-community-9.json
"for the intern task - the research work finished, ready in the document.

but now we need to change the streamlit one for the preview look, and I think it's not possible most often we need to go with the frontend, not sure but hopefully.",sonusmnty,Priyansu,7,0,2,0,0,92,Mon Jun 09 05:38:40 +0000 2025,1931949044324245806,Community,build-in-public-community-9.json
"Building my portfolio site as a SWE &amp; AI researcher. 

I have projects, work exp, hackathons, blogs, papers, etc. Some feel more relevant than others ‚Äî what should I prioritize?",salomon_diei,Salomon Diei,7,0,2,0,1,221,Mon Jun 09 05:37:24 +0000 2025,1931948726433800592,Community,build-in-public-community-9.json
"i'm a 22 years old college dropout scaling @waivedotso to $1 Million MRR.

we are building the ultimate writing tool and it's getting fkng awesome

today i:
- fixed our tiktok bug and we are back to 5 accounts
- designed 2 new features
- coded 1 new feature
- posted some tiktoks https://t.co/0DnYT75aFA",avalentef,Andre,7,0,2,0,0,48,Mon Jun 09 05:28:54 +0000 2025,1931946583559373249,Community,build-in-public-community-9.json
"No roadmap. No plans.
Just a friend who needed to send an invoice. (Update #1)

Building something useful, 
one feature at a time

Tanstack/hono/cloudflare/resend https://t.co/dEK2mLRrWO",MrPotatoDip,MrPotato | Lynkfire,7,0,2,0,0,83,Mon Jun 09 05:20:43 +0000 2025,1931944527826444487,Community,build-in-public-community-9.json
"I‚Äôve been writing for founders for more than a year now,
and the biggest mistake I made was

""not writing for myself, aka personal branding.""

Maybe I was too lazy,
or too comfortable with the idea of a 9 to 5 plus some extra gigs.

But I guess it‚Äôs never too late
(even though I",RewritingHimani,Himani,8,0,1,0,0,165,Mon Jun 09 05:19:32 +0000 2025,1931944229300818010,Community,build-in-public-community-9.json
"I‚Äôm 22 and building something exciting in my free time ‚Äî https://t.co/C8qRMobx3x üöÄ

Connect your DB and use it as an API.

Coming soon:
‚Üí Auto-generated reports
‚Üí Build custom apps on top of your DB

Doing this while working full-time as a full-stack dev.
Wish me luck &amp; joinüòä",scor32k,Abhishek Pathak,7,0,2,0,0,40,Mon Jun 09 05:09:45 +0000 2025,1931941766204453072,Community,build-in-public-community-9.json
This is the app where you can connect with amazing people grow drastically.,sonti_divyansh,Divyanshu Tiwari,4,0,3,0,0,326,Mon Jun 09 04:30:18 +0000 2025,1931931838135902589,Community,build-in-public-community-9.json
"The best way to sell your product is from the POV that you‚Äôve been there before.

You understand the problem.

You‚Äôre relatable.

And this is who you become after using your product.",DirectResponseD,Direct Response Dave,6,1,1,0,0,35,Mon Jun 09 09:23:57 +0000 2025,1932005737875579107,Community,build-in-public-community-9.json
"a penny doubled every day for 7 days is only $1.28.

a penny doubled every day for 30 days is $5,368,709.

this isn't about pennies.

stay consistent. trust the process.",jackofcolby,ùó∞ùóºùóπùóØùòÜ,5,1,2,0,1,37,Mon Jun 09 09:14:47 +0000 2025,1932003432178847861,Community,build-in-public-community-9.json
"Post tweets instead of sending cold DMS. 

Gain trust and followers. 

Then Dm your warm followers. 

Boom 90% Reply rates.",sheevammmm,Shivam,6,0,2,0,0,99,Mon Jun 09 09:13:53 +0000 2025,1932003206172958986,Community,build-in-public-community-9.json
"tbh, if you‚Äôre using @supabase 

their dashboard is so good you don‚Äôt need a separate admin panel

just use what‚Äôs there and focus on building your app

admin panels are solved",heyitsaakkash,Aakash Lohchab,7,0,1,0,0,66,Mon Jun 09 08:46:22 +0000 2025,1931996279997120835,Community,build-in-public-community-9.json
